riskAllele	pValue	pValueAnnotation	riskFrequency	orValue	beta	ci	mappedGenes	traitName	efoTraits	bgTraits	accessionId	locations	pubmedId	author
Asn120HLA-DRB1-?	6E-49	-	0.12	3.34	-	[2.84–3.92]	-	"Rheumatoid arthritis (ACPA-positive)"	"ACPA-positive rheumatoid arthritis"	-	GCST011557	-	33514426	"Tan LK"
rs10484565-?	7E-10	"(adjusted for HLA shared epitope)"	NR	1.4285715	-	[1.09-2.13]	TAP2	"ACPA-positive rheumatoid arthritis (smoking interaction)"	"rheumatoid arthritis,smoking status measurement,ACPA-positive rheumatoid arthritis"	-	GCST006410	6:32827255	26272072	"Jiang X"
rs3104413-?	2E-10	"(adjusted for HLA shared epitope)"	NR	1.7857143	-	[1.35-2.56]	HLA-DRB1,HLA-DQA1	"ACPA-positive rheumatoid arthritis (smoking interaction)"	"rheumatoid arthritis,smoking status measurement,ACPA-positive rheumatoid arthritis"	-	GCST006410	6:32614873	26272072	"Jiang X"
rs3129769-?	3E-11	"(adjusted for HLA shared epitope)"	NR	1.724138	-	[1.33-2.44]	HLA-DQA1	"ACPA-positive rheumatoid arthritis (smoking interaction)"	"rheumatoid arthritis,smoking status measurement,ACPA-positive rheumatoid arthritis"	-	GCST006410	6:32629245	26272072	"Jiang X"
rs3957146-?	1E-6	"(adjusted for HLA shared epitope)"	NR	1.724138	-	[1.22-2.86]	HLA-DQB3,MTCO3P1	"ACPA-positive rheumatoid arthritis (smoking interaction)"	"rheumatoid arthritis,smoking status measurement,ACPA-positive rheumatoid arthritis"	-	GCST006410	6:32713753	26272072	"Jiang X"
rs3998159-?	2E-6	"(adjusted for HLA shared epitope)"	NR	1.724138	-	[1.22-2.94]	HLA-DQB3,MTCO3P1	"ACPA-positive rheumatoid arthritis (smoking interaction)"	"rheumatoid arthritis,smoking status measurement,ACPA-positive rheumatoid arthritis"	-	GCST006410	6:32714242	26272072	"Jiang X"
rs6931277-?	2E-10	"(adjusted for HLA shared epitope)"	NR	1.7857143	-	[1.35-2.56]	HLA-DRB1,HLA-DQA1	"ACPA-positive rheumatoid arthritis (smoking interaction)"	"rheumatoid arthritis,smoking status measurement,ACPA-positive rheumatoid arthritis"	-	GCST006410	6:32615580	26272072	"Jiang X"
rs7454108-?	2E-6	"(adjusted for HLA shared epitope)"	NR	1.724138	-	[1.22-2.94]	MTCO3P1,HLA-DQB3	"ACPA-positive rheumatoid arthritis (smoking interaction)"	"rheumatoid arthritis,smoking status measurement,ACPA-positive rheumatoid arthritis"	-	GCST006410	6:32713706	26272072	"Jiang X"
rs9275334-?	2E-6	"(adjusted for HLA shared epitope)"	NR	1.724138	-	[1.22-2.94]	HLA-DQB1,MTCO3P1	"ACPA-positive rheumatoid arthritis (smoking interaction)"	"rheumatoid arthritis,smoking status measurement,ACPA-positive rheumatoid arthritis"	-	GCST006410	6:32699330	26272072	"Jiang X"
rs9275495-?	2E-6	"(adjusted for HLA shared epitope)"	NR	1.724138	-	[1.22-2.94]	HLA-DQB1,MTCO3P1	"ACPA-positive rheumatoid arthritis (smoking interaction)"	"rheumatoid arthritis,smoking status measurement,ACPA-positive rheumatoid arthritis"	-	GCST006410	6:32705797	26272072	"Jiang X"
rs9275530-?	2E-6	"(adjusted for HLA shared epitope)"	NR	1.724138	-	[1.23-2.94]	HLA-DQB3,MTCO3P1	"ACPA-positive rheumatoid arthritis (smoking interaction)"	"rheumatoid arthritis,smoking status measurement,ACPA-positive rheumatoid arthritis"	-	GCST006410	6:32707746	26272072	"Jiang X"
rs9275532-?	5E-6	"(adjusted for HLA shared epitope)"	NR	1.754386	-	[1.23-3.12]	MTCO3P1,HLA-DQB3	"ACPA-positive rheumatoid arthritis (smoking interaction)"	"rheumatoid arthritis,smoking status measurement,ACPA-positive rheumatoid arthritis"	-	GCST006410	6:32707857	26272072	"Jiang X"
rs9784858-?	9E-12	"(adjusted for HLA shared epitope)"	NR	1.4084507	-	[1.09-1.96]	HLA-DOB	"ACPA-positive rheumatoid arthritis (smoking interaction)"	"rheumatoid arthritis,smoking status measurement,ACPA-positive rheumatoid arthritis"	-	GCST006410	6:32819398	26272072	"Jiang X"
rs3129890-?	1E-10	"(adjusted for HLA shared epitope)"	NR	2.5	-	[1.89-3.57]	HLA-DRA,HLA-DRB9	"ACPA-positive rheumatoid arthritis (smoking interaction)"	"rheumatoid arthritis,smoking status measurement,ACPA-positive rheumatoid arthritis"	-	GCST006410	6:32446496	26272072	"Jiang X"
rs3129891-?	2E-9	"(adjusted for HLA shared epitope)"	NR	2.5	-	[1.89-3.7]	HLA-DRB9,HLA-DRA	"ACPA-positive rheumatoid arthritis (smoking interaction)"	"rheumatoid arthritis,smoking status measurement,ACPA-positive rheumatoid arthritis"	-	GCST006410	6:32447303	26272072	"Jiang X"
rs9268557-?	3E-10	"(adjusted for HLA shared epitope)"	NR	2.5	-	[1.92-3.7]	TSBP1-AS1,HLA-DRA	"ACPA-positive rheumatoid arthritis (smoking interaction)"	"rheumatoid arthritis,smoking status measurement,ACPA-positive rheumatoid arthritis"	-	GCST006410	6:32421528	26272072	"Jiang X"
rs147622113-T	5E-7	-	0.03	0.83	-	-	ILF3	"Rheumatoid arthritis (rheumatoid factor and/or anti-cyclic citrullinated peptide seropositive)"	"rheumatoid arthritis,ACPA-positive rheumatoid arthritis,rheumatoid factor seropositivity measurement"	-	GCST90131438	19:10661265	35470158	"Saevarsdottir S"
rs72836346-C	2E-10	-	0.0752	1.14	-	-	MIR4435-2HG	"Rheumatoid arthritis (rheumatoid factor and/or anti-cyclic citrullinated peptide seropositive)"	"rheumatoid arthritis,ACPA-positive rheumatoid arthritis,rheumatoid factor seropositivity measurement"	-	GCST90131438	2:111119036	35470158	"Saevarsdottir S"
rs12720356-C	2E-9	-	0.0931	0.87	-	-	TYK2	"Rheumatoid arthritis (rheumatoid factor and/or anti-cyclic citrullinated peptide seropositive)"	"rheumatoid arthritis,ACPA-positive rheumatoid arthritis,rheumatoid factor seropositivity measurement"	-	GCST90131438	19:10359299	35470158	"Saevarsdottir S"
rs2476601-A	1E-160	-	0.0965	1.59	-	-	AP4B1-AS1,PTPN22	"Rheumatoid arthritis (rheumatoid factor and/or anti-cyclic citrullinated peptide seropositive)"	"rheumatoid arthritis,ACPA-positive rheumatoid arthritis,rheumatoid factor seropositivity measurement"	-	GCST90131438	1:113834946	35470158	"Saevarsdottir S"
rs9427397-T	2E-8	-	0.1144	1.11	-	-	FCGR2A	"Rheumatoid arthritis (rheumatoid factor and/or anti-cyclic citrullinated peptide seropositive)"	"rheumatoid arthritis,ACPA-positive rheumatoid arthritis,rheumatoid factor seropositivity measurement"	-	GCST90131438	1:161506414	35470158	"Saevarsdottir S"
rs6679677-A	4E-161	-	0.12	1.59	-	-	PHTF1,RSBN1	"Rheumatoid arthritis (rheumatoid factor and/or anti-cyclic citrullinated peptide seropositive)"	"rheumatoid arthritis,ACPA-positive rheumatoid arthritis,rheumatoid factor seropositivity measurement"	-	GCST90131438	1:113761186	35470158	"Saevarsdottir S"
rs5987194-C	8E-10	-	0.12	1.11	-	-	MECP2	"Rheumatoid arthritis (rheumatoid factor and/or anti-cyclic citrullinated peptide seropositive)"	"rheumatoid arthritis,ACPA-positive rheumatoid arthritis,rheumatoid factor seropositivity measurement"	-	GCST90131438	X:154036016	35470158	"Saevarsdottir S"
rs71508903-T	2E-6	-	0.19	1.08	-	-	ARID5B	"Rheumatoid arthritis (rheumatoid factor and/or anti-cyclic citrullinated peptide seropositive)"	"rheumatoid arthritis,ACPA-positive rheumatoid arthritis,rheumatoid factor seropositivity measurement"	-	GCST90131438	10:62020112	35470158	"Saevarsdottir S"
rs7117261-T	2E-12	-	0.1934	0.9	-	-	CXCR5,Y_RNA	"Rheumatoid arthritis (rheumatoid factor and/or anti-cyclic citrullinated peptide seropositive)"	"rheumatoid arthritis,ACPA-positive rheumatoid arthritis,rheumatoid factor seropositivity measurement"	-	GCST90131438	11:118870448	35470158	"Saevarsdottir S"
rs62422878-T	4E-8	-	0.2	1.08	-	-	ATG5	"Rheumatoid arthritis (rheumatoid factor and/or anti-cyclic citrullinated peptide seropositive)"	"rheumatoid arthritis,ACPA-positive rheumatoid arthritis,rheumatoid factor seropositivity measurement"	-	GCST90131438	6:106228595	35470158	"Saevarsdottir S"
rs11889341-T	5E-14	-	0.22	1.11	-	-	STAT4	"Rheumatoid arthritis (rheumatoid factor and/or anti-cyclic citrullinated peptide seropositive)"	"rheumatoid arthritis,ACPA-positive rheumatoid arthritis,rheumatoid factor seropositivity measurement"	-	GCST90131438	2:191079016	35470158	"Saevarsdottir S"
rs4853458-A	5E-14	-	0.2237	1.11	-	-	STAT4	"Rheumatoid arthritis (rheumatoid factor and/or anti-cyclic citrullinated peptide seropositive)"	"rheumatoid arthritis,ACPA-positive rheumatoid arthritis,rheumatoid factor seropositivity measurement"	-	GCST90131438	2:191094763	35470158	"Saevarsdottir S"
rs35926684-G	4E-16	-	0.2269	1.12	-	-	LINC03004	"Rheumatoid arthritis (rheumatoid factor and/or anti-cyclic citrullinated peptide seropositive)"	"rheumatoid arthritis,ACPA-positive rheumatoid arthritis,rheumatoid factor seropositivity measurement"	-	GCST90131438	6:137678426	35470158	"Saevarsdottir S"
rs9939427-A	5E-11	-	0.2308	1.1	-	-	LINC02132,LINC01082	"Rheumatoid arthritis (rheumatoid factor and/or anti-cyclic citrullinated peptide seropositive)"	"rheumatoid arthritis,ACPA-positive rheumatoid arthritis,rheumatoid factor seropositivity measurement"	-	GCST90131438	16:85982485	35470158	"Saevarsdottir S"
rs1883832-T	1E-8	-	0.25	0.92	-	-	CD40	"Rheumatoid arthritis (rheumatoid factor and/or anti-cyclic citrullinated peptide seropositive)"	"rheumatoid arthritis,ACPA-positive rheumatoid arthritis,rheumatoid factor seropositivity measurement"	-	GCST90131438	20:46118343	35470158	"Saevarsdottir S"
rs2409780-C	1E-9	-	0.254	1.09	-	-	FAM167A,BLK	"Rheumatoid arthritis (rheumatoid factor and/or anti-cyclic citrullinated peptide seropositive)"	"rheumatoid arthritis,ACPA-positive rheumatoid arthritis,rheumatoid factor seropositivity measurement"	-	GCST90131438	8:11480078	35470158	"Saevarsdottir S"
rs7170107-T	5E-11	-	0.26	1.09	-	-	DRAIC	"Rheumatoid arthritis (rheumatoid factor and/or anti-cyclic citrullinated peptide seropositive)"	"rheumatoid arthritis,ACPA-positive rheumatoid arthritis,rheumatoid factor seropositivity measurement"	-	GCST90131438	15:69718308	35470158	"Saevarsdottir S"
rs7278257-C	2E-9	-	0.26	0.91	-	-	ICOSLG	"Rheumatoid arthritis (rheumatoid factor and/or anti-cyclic citrullinated peptide seropositive)"	"rheumatoid arthritis,ACPA-positive rheumatoid arthritis,rheumatoid factor seropositivity measurement"	-	GCST90131438	21:44233881	35470158	"Saevarsdottir S"
rs11558819-T	2E-9	-	0.2675	0.91	-	-	ICOSLG	"Rheumatoid arthritis (rheumatoid factor and/or anti-cyclic citrullinated peptide seropositive)"	"rheumatoid arthritis,ACPA-positive rheumatoid arthritis,rheumatoid factor seropositivity measurement"	-	GCST90131438	21:44236891	35470158	"Saevarsdottir S"
rs10517086-A	6E-16	-	0.2973	1.11	-	-	LINC02357	"Rheumatoid arthritis (rheumatoid factor and/or anti-cyclic citrullinated peptide seropositive)"	"rheumatoid arthritis,ACPA-positive rheumatoid arthritis,rheumatoid factor seropositivity measurement"	-	GCST90131438	4:26083889	35470158	"Saevarsdottir S"
rs2069235-A	2E-6	-	0.31	1.06	-	-	SYNGR1	"Rheumatoid arthritis (rheumatoid factor and/or anti-cyclic citrullinated peptide seropositive)"	"rheumatoid arthritis,ACPA-positive rheumatoid arthritis,rheumatoid factor seropositivity measurement"	-	GCST90131438	22:39351775	35470158	"Saevarsdottir S"
rs9405192-A	1E-7	-	0.33	0.93	-	-	IRF4,DUSP22	"Rheumatoid arthritis (rheumatoid factor and/or anti-cyclic citrullinated peptide seropositive)"	"rheumatoid arthritis,ACPA-positive rheumatoid arthritis,rheumatoid factor seropositivity measurement"	-	GCST90131438	6:382537	35470158	"Saevarsdottir S"
rs1234313-A	7E-6	-	0.33	0.94	-	-	TNFSF4	"Rheumatoid arthritis (rheumatoid factor and/or anti-cyclic citrullinated peptide seropositive)"	"rheumatoid arthritis,ACPA-positive rheumatoid arthritis,rheumatoid factor seropositivity measurement"	-	GCST90131438	1:173197108	35470158	"Saevarsdottir S"
rs897628-T	3E-16	-	0.3362	0.9	-	-	TTC34	"Rheumatoid arthritis (rheumatoid factor and/or anti-cyclic citrullinated peptide seropositive)"	"rheumatoid arthritis,ACPA-positive rheumatoid arthritis,rheumatoid factor seropositivity measurement"	-	GCST90131438	1:2800059	35470158	"Saevarsdottir S"
rs1858037-A	9E-6	-	0.34	0.94	-	-	SPRED2	"Rheumatoid arthritis (rheumatoid factor and/or anti-cyclic citrullinated peptide seropositive)"	"rheumatoid arthritis,ACPA-positive rheumatoid arthritis,rheumatoid factor seropositivity measurement"	-	GCST90131438	2:65371166	35470158	"Saevarsdottir S"
rs8002731-C	4E-10	-	0.3462	0.92	-	-	COG6	"Rheumatoid arthritis (rheumatoid factor and/or anti-cyclic citrullinated peptide seropositive)"	"rheumatoid arthritis,ACPA-positive rheumatoid arthritis,rheumatoid factor seropositivity measurement"	-	GCST90131438	13:39788092	35470158	"Saevarsdottir S"
rs35942002-A	6E-13	-	0.3495	1.09	-	-	C5	"Rheumatoid arthritis (rheumatoid factor and/or anti-cyclic citrullinated peptide seropositive)"	"rheumatoid arthritis,ACPA-positive rheumatoid arthritis,rheumatoid factor seropositivity measurement"	-	GCST90131438	9:120933193	35470158	"Saevarsdottir S"
rs2258734-A	3E-8	-	0.35	0.89	-	-	TNFRSF14-AS1	"Rheumatoid arthritis (rheumatoid factor and/or anti-cyclic citrullinated peptide seropositive)"	"rheumatoid arthritis,ACPA-positive rheumatoid arthritis,rheumatoid factor seropositivity measurement"	-	GCST90131438	1:2552522	35470158	"Saevarsdottir S"
rs7097397-A	5E-6	-	0.35	0.94	-	-	WDFY4	"Rheumatoid arthritis (rheumatoid factor and/or anti-cyclic citrullinated peptide seropositive)"	"rheumatoid arthritis,ACPA-positive rheumatoid arthritis,rheumatoid factor seropositivity measurement"	-	GCST90131438	10:48817351	35470158	"Saevarsdottir S"
rs140675301-A	2E-9	-	0.002	2.27	-	-	STAT4	"Rheumatoid arthritis (rheumatoid factor and/or anti-cyclic citrullinated peptide seropositive)"	"rheumatoid arthritis,ACPA-positive rheumatoid arthritis,rheumatoid factor seropositivity measurement"	-	GCST90131438	2:191073180	35470158	"Saevarsdottir S"
rs35018800-A	1E-11	-	0.0077	0.63	-	-	TYK2	"Rheumatoid arthritis (rheumatoid factor and/or anti-cyclic citrullinated peptide seropositive)"	"rheumatoid arthritis,ACPA-positive rheumatoid arthritis,rheumatoid factor seropositivity measurement"	-	GCST90131438	19:10354167	35470158	"Saevarsdottir S"
rs76428106-C	7E-11	-	0.0127	1.35	-	-	FLT3	"Rheumatoid arthritis (rheumatoid factor and/or anti-cyclic citrullinated peptide seropositive)"	"rheumatoid arthritis,ACPA-positive rheumatoid arthritis,rheumatoid factor seropositivity measurement"	-	GCST90131438	13:28029870	35470158	"Saevarsdottir S"
rs7749323-A	9E-12	-	0.03	1.27	-	-	LINC02865,TNFAIP3	"Rheumatoid arthritis (rheumatoid factor and/or anti-cyclic citrullinated peptide seropositive)"	"rheumatoid arthritis,ACPA-positive rheumatoid arthritis,rheumatoid factor seropositivity measurement"	-	GCST90131438	6:137909252	35470158	"Saevarsdottir S"
rs34536443-C	3E-27	-	0.0439	0.69	-	-	TYK2	"Rheumatoid arthritis (rheumatoid factor and/or anti-cyclic citrullinated peptide seropositive)"	"rheumatoid arthritis,ACPA-positive rheumatoid arthritis,rheumatoid factor seropositivity measurement"	-	GCST90131438	19:10352442	35470158	"Saevarsdottir S"
rs3184504-T	8E-16	-	0.4635	1.1	-	-	ATXN2,SH2B3	"Rheumatoid arthritis (rheumatoid factor and/or anti-cyclic citrullinated peptide seropositive)"	"rheumatoid arthritis,ACPA-positive rheumatoid arthritis,rheumatoid factor seropositivity measurement"	-	GCST90131438	12:111446804	35470158	"Saevarsdottir S"
rs13103285-T	3E-7	-	0.48	1.06	-	-	LINC02498	"Rheumatoid arthritis (rheumatoid factor and/or anti-cyclic citrullinated peptide seropositive)"	"rheumatoid arthritis,ACPA-positive rheumatoid arthritis,rheumatoid factor seropositivity measurement"	-	GCST90131438	4:10724896	35470158	"Saevarsdottir S"
rs11571297-C	3E-20	-	0.4886	0.89	-	-	CTLA4,ICOS	"Rheumatoid arthritis (rheumatoid factor and/or anti-cyclic citrullinated peptide seropositive)"	"rheumatoid arthritis,ACPA-positive rheumatoid arthritis,rheumatoid factor seropositivity measurement"	-	GCST90131438	2:203880280	35470158	"Saevarsdottir S"
rs2004640-G	1E-11	-	0.512	0.92	-	-	IRF5	"Rheumatoid arthritis (rheumatoid factor and/or anti-cyclic citrullinated peptide seropositive)"	"rheumatoid arthritis,ACPA-positive rheumatoid arthritis,rheumatoid factor seropositivity measurement"	-	GCST90131438	7:128938247	35470158	"Saevarsdottir S"
rs73013527-C	3E-10	-	0.5215	1.08	-	-	ETS1,FLI1	"Rheumatoid arthritis (rheumatoid factor and/or anti-cyclic citrullinated peptide seropositive)"	"rheumatoid arthritis,ACPA-positive rheumatoid arthritis,rheumatoid factor seropositivity measurement"	-	GCST90131438	11:128627057	35470158	"Saevarsdottir S"
rs11636401-G	2E-16	-	0.5266	0.91	-	-	DRAIC	"Rheumatoid arthritis (rheumatoid factor and/or anti-cyclic citrullinated peptide seropositive)"	"rheumatoid arthritis,ACPA-positive rheumatoid arthritis,rheumatoid factor seropositivity measurement"	-	GCST90131438	15:69751888	35470158	"Saevarsdottir S"
rs3757387-T	2E-12	-	0.55	0.92	-	-	IRF5	"Rheumatoid arthritis (rheumatoid factor and/or anti-cyclic citrullinated peptide seropositive)"	"rheumatoid arthritis,ACPA-positive rheumatoid arthritis,rheumatoid factor seropositivity measurement"	-	GCST90131438	7:128936032	35470158	"Saevarsdottir S"
rs403214-A	9E-6	-	0.69	1.06	-	-	MACIR	"Rheumatoid arthritis (rheumatoid factor and/or anti-cyclic citrullinated peptide seropositive)"	"rheumatoid arthritis,ACPA-positive rheumatoid arthritis,rheumatoid factor seropositivity measurement"	-	GCST90131438	5:103268000	35470158	"Saevarsdottir S"
rs1950897-T	5E-8	-	0.71	1.08	-	-	RAD51B	"Rheumatoid arthritis (rheumatoid factor and/or anti-cyclic citrullinated peptide seropositive)"	"rheumatoid arthritis,ACPA-positive rheumatoid arthritis,rheumatoid factor seropositivity measurement"	-	GCST90131438	14:68293424	35470158	"Saevarsdottir S"
rs8032939-T	2E-6	-	0.75	0.94	-	-	RASGRP1	"Rheumatoid arthritis (rheumatoid factor and/or anti-cyclic citrullinated peptide seropositive)"	"rheumatoid arthritis,ACPA-positive rheumatoid arthritis,rheumatoid factor seropositivity measurement"	-	GCST90131438	15:38541832	35470158	"Saevarsdottir S"
rs42034-A	6E-8	-	0.76	0.93	-	-	CDK6	"Rheumatoid arthritis (rheumatoid factor and/or anti-cyclic citrullinated peptide seropositive)"	"rheumatoid arthritis,ACPA-positive rheumatoid arthritis,rheumatoid factor seropositivity measurement"	-	GCST90131438	7:92609830	35470158	"Saevarsdottir S"
rs4409785-T	2E-7	-	0.83	0.92	-	-	LNCRNA-IUR,FAM76B	"Rheumatoid arthritis (rheumatoid factor and/or anti-cyclic citrullinated peptide seropositive)"	"rheumatoid arthritis,ACPA-positive rheumatoid arthritis,rheumatoid factor seropositivity measurement"	-	GCST90131438	11:95578258	35470158	"Saevarsdottir S"
rs67574266-A	6E-10	-	0.3572	1.08	-	-	REL,REL-DT	"Rheumatoid arthritis (rheumatoid factor and/or anti-cyclic citrullinated peptide seropositive)"	"rheumatoid arthritis,ACPA-positive rheumatoid arthritis,rheumatoid factor seropositivity measurement"	-	GCST90131438	2:60881694	35470158	"Saevarsdottir S"
rs7731626-A	1E-26	-	0.3669	0.87	-	-	ANKRD55	"Rheumatoid arthritis (rheumatoid factor and/or anti-cyclic citrullinated peptide seropositive)"	"rheumatoid arthritis,ACPA-positive rheumatoid arthritis,rheumatoid factor seropositivity measurement"	-	GCST90131438	5:56148856	35470158	"Saevarsdottir S"
rs12126142-A	1E-6	-	0.38	0.94	-	-	IL6R	"Rheumatoid arthritis (rheumatoid factor and/or anti-cyclic citrullinated peptide seropositive)"	"rheumatoid arthritis,ACPA-positive rheumatoid arthritis,rheumatoid factor seropositivity measurement"	-	GCST90131438	1:154452980	35470158	"Saevarsdottir S"
rs62045818-C	9E-10	-	0.3921	0.93	-	-	CBFA2T3,ACSF3	"Rheumatoid arthritis (rheumatoid factor and/or anti-cyclic citrullinated peptide seropositive)"	"rheumatoid arthritis,ACPA-positive rheumatoid arthritis,rheumatoid factor seropositivity measurement"	-	GCST90131438	16:88981246	35470158	"Saevarsdottir S"
rs706778-T	1E-11	-	0.4082	1.09	-	-	IL2RA	"Rheumatoid arthritis (rheumatoid factor and/or anti-cyclic citrullinated peptide seropositive)"	"rheumatoid arthritis,ACPA-positive rheumatoid arthritis,rheumatoid factor seropositivity measurement"	-	GCST90131438	10:6056986	35470158	"Saevarsdottir S"
rs3093017-C	2E-18	-	0.4337	1.11	-	-	CCR6	"Rheumatoid arthritis (rheumatoid factor and/or anti-cyclic citrullinated peptide seropositive)"	"rheumatoid arthritis,ACPA-positive rheumatoid arthritis,rheumatoid factor seropositivity measurement"	-	GCST90131438	6:167127770	35470158	"Saevarsdottir S"
rs1471293-A	7E-10	-	0.4509	1.08	-	-	RGS22	"Rheumatoid arthritis (rheumatoid factor and/or anti-cyclic citrullinated peptide seropositive)"	"rheumatoid arthritis,ACPA-positive rheumatoid arthritis,rheumatoid factor seropositivity measurement"	-	GCST90131438	8:100105506	35470158	"Saevarsdottir S"
rs11078928-C	1E-7	-	0.457	1.07	-	-	GSDMB	"Rheumatoid arthritis (rheumatoid factor and/or anti-cyclic citrullinated peptide seropositive)"	"rheumatoid arthritis,ACPA-positive rheumatoid arthritis,rheumatoid factor seropositivity measurement"	-	GCST90131438	17:39908216	35470158	"Saevarsdottir S"
rs8129030-T	1E-11	-	0.3602	0.92	-	-	RUNX1	"Rheumatoid arthritis (rheumatoid factor and/or anti-cyclic citrullinated peptide seropositive)"	"rheumatoid arthritis,ACPA-positive rheumatoid arthritis,rheumatoid factor seropositivity measurement"	-	GCST90131438	21:35340290	35470158	"Saevarsdottir S"
rs2451258-C	2E-12	-	0.3629	0.91	-	-	TAGAP-AS1,TAGAP	"Rheumatoid arthritis (rheumatoid factor and/or anti-cyclic citrullinated peptide seropositive)"	"rheumatoid arthritis,ACPA-positive rheumatoid arthritis,rheumatoid factor seropositivity measurement"	-	GCST90131438	6:159085568	35470158	"Saevarsdottir S"
rs1538981-C	8E-14	-	0.4896	0.91	-	-	LINC02664	"Rheumatoid arthritis (rheumatoid factor and/or anti-cyclic citrullinated peptide seropositive)"	"rheumatoid arthritis,ACPA-positive rheumatoid arthritis,rheumatoid factor seropositivity measurement"	-	GCST90131438	10:31122426	35470158	"Saevarsdottir S"
